{
    "valence_mse": 0.11367936384938661,
    "arousal_mse": 0.1282982364174014,
    "dominance_mse": 0.10512823983123697,
    "overall_mse": 0.11570194669934165,
    "valence_corr": 0.3070059292903646,
    "arousal_corr": 0.2764035883349062,
    "dominance_corr": 0.37222433802130134,
    "avg_corr": 0.31854461854885735
}