{
    "accuracy": 0.37280701754385964,
    "f1_score": 0.3340136293706895,
    "classification_report": {
        "angry": {
            "precision": 0.2903225806451613,
            "recall": 0.18,
            "f1-score": 0.2222222222222222,
            "support": 50.0
        },
        "calm": {
            "precision": 0.325,
            "recall": 0.23214285714285715,
            "f1-score": 0.2708333333333333,
            "support": 56.0
        },
        "happy": {
            "precision": 0.4154929577464789,
            "recall": 0.6941176470588235,
            "f1-score": 0.5198237885462555,
            "support": 85.0
        },
        "sad": {
            "precision": 0.26666666666666666,
            "recall": 0.10810810810810811,
            "f1-score": 0.15384615384615385,
            "support": 37.0
        },
        "accuracy": 0.37280701754385964,
        "macro avg": {
            "precision": 0.3243705512645767,
            "recall": 0.3035921530774472,
            "f1-score": 0.2916813744869913,
            "support": 228.0
        },
        "weighted avg": {
            "precision": 0.34166533819024314,
            "recall": 0.37280701754385964,
            "f1-score": 0.3340136293706895,
            "support": 228.0
        }
    }
}