{
    "accuracy": 0.19736842105263158,
    "f1_score": 0.18578715083649294,
    "classification_report": {
        "afraid": {
            "precision": 1.0,
            "recall": 0.09090909090909091,
            "f1-score": 0.16666666666666666,
            "support": 11.0
        },
        "angry": {
            "precision": 0.14285714285714285,
            "recall": 0.09090909090909091,
            "f1-score": 0.1111111111111111,
            "support": 11.0
        },
        "content": {
            "precision": 0.07692307692307693,
            "recall": 0.02857142857142857,
            "f1-score": 0.041666666666666664,
            "support": 35.0
        },
        "excited": {
            "precision": 0.30434782608695654,
            "recall": 0.17073170731707318,
            "f1-score": 0.21875,
            "support": 41.0
        },
        "happy": {
            "precision": 0.12359550561797752,
            "recall": 0.4782608695652174,
            "f1-score": 0.19642857142857142,
            "support": 23.0
        },
        "neutral": {
            "precision": 0.25,
            "recall": 0.2857142857142857,
            "f1-score": 0.26666666666666666,
            "support": 70.0
        },
        "sad": {
            "precision": 0.26666666666666666,
            "recall": 0.10810810810810811,
            "f1-score": 0.15384615384615385,
            "support": 37.0
        },
        "accuracy": 0.19736842105263158,
        "macro avg": {
            "precision": 0.3091986025931172,
            "recall": 0.17902922587061357,
            "f1-score": 0.1650194051979766,
            "support": 228.0
        },
        "weighted avg": {
            "precision": 0.25417263346132296,
            "recall": 0.19736842105263158,
            "f1-score": 0.18578715083649294,
            "support": 228.0
        }
    }
}