{
    "accuracy": 0.4166666666666667,
    "f1_score": 0.3822945780452252,
    "classification_report": {
        "anger": {
            "precision": 0.14285714285714285,
            "recall": 0.09090909090909091,
            "f1-score": 0.1111111111111111,
            "support": 11.0
        },
        "fear": {
            "precision": 1.0,
            "recall": 0.09090909090909091,
            "f1-score": 0.16666666666666666,
            "support": 11.0
        },
        "happiness": {
            "precision": 0.390625,
            "recall": 0.44642857142857145,
            "f1-score": 0.4166666666666667,
            "support": 56.0
        },
        "neutral": {
            "precision": 0.460431654676259,
            "recall": 0.6095238095238096,
            "f1-score": 0.5245901639344263,
            "support": 105.0
        },
        "sadness": {
            "precision": 0.26666666666666666,
            "recall": 0.10810810810810811,
            "f1-score": 0.15384615384615385,
            "support": 37.0
        },
        "surprise": {
            "precision": 0.0,
            "recall": 0.0,
            "f1-score": 0.0,
            "support": 8.0
        },
        "accuracy": 0.4166666666666667,
        "macro avg": {
            "precision": 0.37676341070001146,
            "recall": 0.22431311181311184,
            "f1-score": 0.22881346037083738,
            "support": 228.0
        },
        "weighted avg": {
            "precision": 0.40639657446974753,
            "recall": 0.4166666666666667,
            "f1-score": 0.3822945780452252,
            "support": 228.0
        }
    }
}