{
    "accuracy": 0.43859649122807015,
    "f1_score": 0.3449090285186081,
    "classification_report": {
        "anger": {
            "precision": 0.14285714285714285,
            "recall": 0.09090909090909091,
            "f1-score": 0.1111111111111111,
            "support": 11.0
        },
        "anticipation": {
            "precision": 0.0,
            "recall": 0.0,
            "f1-score": 0.0,
            "support": 10.0
        },
        "disgust": {
            "precision": 0.16666666666666666,
            "recall": 0.05263157894736842,
            "f1-score": 0.08,
            "support": 19.0
        },
        "fear": {
            "precision": 1.0,
            "recall": 0.09090909090909091,
            "f1-score": 0.16666666666666666,
            "support": 11.0
        },
        "joy": {
            "precision": 0.3333333333333333,
            "recall": 0.15384615384615385,
            "f1-score": 0.21052631578947367,
            "support": 13.0
        },
        "neutral": {
            "precision": 0.49222797927461137,
            "recall": 0.8189655172413793,
            "f1-score": 0.6148867313915858,
            "support": 116.0
        },
        "sadness": {
            "precision": 0.0,
            "recall": 0.0,
            "f1-score": 0.0,
            "support": 13.0
        },
        "surprise": {
            "precision": 0.0,
            "recall": 0.0,
            "f1-score": 0.0,
            "support": 15.0
        },
        "trust": {
            "precision": 0.0,
            "recall": 0.0,
            "f1-score": 0.0,
            "support": 20.0
        },
        "accuracy": 0.43859649122807015,
        "macro avg": {
            "precision": 0.2372316802368616,
            "recall": 0.13414015909478705,
            "f1-score": 0.13146564721764858,
            "support": 228.0
        },
        "weighted avg": {
            "precision": 0.33846436038282235,
            "recall": 0.43859649122807015,
            "f1-score": 0.3449090285186081,
            "support": 228.0
        }
    }
}