emotion_model,accuracy,f1_score
emotion_quadrant,0.37280701754385964,0.3340136293706895
emotion_custom,0.19736842105263158,0.18578715083649294
emotion_plutchik,0.43859649122807015,0.3449090285186081
emotion_ekman,0.4166666666666667,0.3822945780452252
